Pay種別,ジャンル,店舗,特典,上限,条件_対象金額,対象_その他
LINE Pay,グルメ,Uber Eats,2%OFF,,,
PayPay,グルメ,ウェンディーズ・ファーストキッチン,最大10%付与,1000円,700円,
LINE Pay,グルメ,かっぱ寿司,2%OFF,,,
LINE Pay,グルメ,くら寿司,2%OFF,,,
LINE Pay,グルメ,ケンタッキーフライドチキン,2%OFF,,,
LINE Pay,グルメ,ココス,2%OFF,,,
PayPay,グルメ,サッポロライオン,最大5%付与,1000円,1000円,
PayPay,グルメ,サンシャインシティ アルパ・スカイレストラン,最大10%付与,5000円,,
PayPay,グルメ,サンマルクカフェ,最大10付与,1000円,700円,
LINE Pay,グルメ,しゃぶしゃぶ温野菜,2%OFF,,,
PayPay,グルメ,しゃぶしゃぶ温野菜,最大5%付与,1000円,3000円,
LINE Pay,グルメ,ジョリーパスタ,2%OFF,,,
LINE Pay,グルメ,すき家,2%OFF,,,
LINE Pay,グルメ,スシロー,2%OFF,,,
LINE Pay,グルメ,ステーキ宮,2%OFF,,,
PayPay,グルメ,ステーキ宮,最大5%付与,1000円,2000円,
PayPay,グルメ,チムニーグループ,最大10%付与,2000円,1000円,
LINE Pay,グルメ,なか卯,2%OFF,,,
LINE Pay,グルメ,はま寿司,2%OFF,,,
PayPay,グルメ,ピザーラ,最大5%付与,5000円,,
LINE Pay,グルメ,ピザハット,2%OFF,,,
LINE Pay,グルメ,ビッグボーイ,2%OFF,,,
LINE Pay,グルメ,フレッシュネスバーガー,2%OFF,,,
LINE Pay,グルメ,ほっかほっか亭,2%OFF,,,
LINE Pay,グルメ,ほっともっと,2%OFF,,,
LINE Pay,グルメ,ミライザカ,2%OFF,,,
LINE Pay,グルメ,ロイヤルホスト,2%OFF,,,
PayPay,グルメ,吉野家,最大5%付与,3000円,,
LINE Pay,グルメ,牛角,2%OFF,,,
PayPay,グルメ,牛角,最大5%付与,1000円,3000円,
LINE Pay,グルメ,串カツ田中,5%OFF,,,
PayPay,グルメ,串カツ田中,最大10%付与,2000円,1000円,
LINE Pay,グルメ,出前館,5%OFF,,,
LINE Pay,グルメ,松屋フーズ,2%OFF,,,
LINE Pay,グルメ,大庄グループ (直営店),2%OFF,,,
LINE Pay,グルメ,長崎ちゃんぽんリンガーハット,2%OFF,,,
LINE Pay,グルメ,鳥貴族,2%OFF,,,
PayPay,グルメ,鳥貴族,最大5%付与,10000円,500円,
LINE Pay,グルメ,天丼てんや,2%OFF,,,
LINE Pay,グルメ,土間土間,2%OFF,,,
LINE Pay,グルメ,日高屋,2%OFF,,,
LINE Pay,コンビニ,セイコーマート,5%OFF,,,
LINE Pay,コンビニ,デイリーヤマザキ,5%OFF,,,
LINE Pay,コンビニ,ポプラグループ,5%OFF,,,
LINE Pay,コンビニ,ミニストップ,5%OFF,,,
LINE Pay,コンビニ,ローソン,5%OFF,,,
LINE Pay,スーパー,コモディイイダ,3%OFF,,,
LINE Pay,スーパー,サミットストア,3%OFF,,,
LINE Pay,スーパー,フジカンパニーズ,3%OFF,,,
LINE Pay,スーパー,フレスタ,3%OFF,,,
LINE Pay,スーパー,ベイシア,3%OFF,,,
LINE Pay,スーパー,ベルク,3%OFF,,,
LINE Pay,スーパー,マキヤグループ,4%OFF,,,
LINE Pay,スーパー,ミスターマックス,3%OFF,,,
LINE Pay,スーパー,ヨークマート,3%OFF,,,
LINE Pay,スーパー,ライフ,3%OFF,,,
LINE Pay,スーパー,近商ストア,3%OFF,,,
LINE Pay,スーパー,東急ストア,3%OFF,,,
LINE Pay,ドラッグストア,アイトンズ＆トルベ,3%OFF,,,
LINE Pay,ドラッグストア,ウエルシアグループ,3%OFF,,,
LINE Pay,ドラッグストア,クスリのアオキ,3%OFF,,,
LINE Pay,ドラッグストア,コクミンドラッグ,3%OFF,,,
LINE Pay,ドラッグストア,ココカラファイン,3%OFF,,,
LINE Pay,ドラッグストア,サツドラ,3%OFF,,,
LINE Pay,ドラッグストア,サンドラッググループ,3%OFF,,,
PayPay,ドラッグストア,スーパードラッグひまわり,最大5%付与,1000円,1500円,
LINE Pay,ドラッグストア,ダイコクドラッグ,3%OFF,,,
LINE Pay,ドラッグストア,ツルハグループ,3%OFF,,,
LINE Pay,ドラッグストア,ドラッグストア セキ,3%OFF,,,
LINE Pay,ドラッグストア,ドラッグストア トモズ,3%OFF,,,
LINE Pay,ドラッグストア,どらっぐぱぱす,3%OFF,,,
LINE Pay,ドラッグストア,マツモトキヨシ,3%OFF,,,
LINE Pay,ドラッグストア,杏林堂,3%OFF,,,
LINE Pay,ドラッグストア,富士薬品ドラッグストアグループ,3%OFF,,,
LINE Pay,ドラッグストア,薬王堂,3%OFF,,,
LINE Pay,ネットサービス,Google Play ギフトコード,200円OFF,,,
LINE Pay,ネットサービス,Qoo10,2%OFF,,,
LINE Pay,ネットサービス,ZOZOTOWN,2%OFF,,,
LINE Pay,ネットサービス,サンプル百貨店,2%OFF,,,
LINE Pay,ネットサービス,ラクマ,3%OFF,,,
LINE Pay,家電,Joshin,1%OFF,,,
PayPay,家電,Joshin,最大10%付与,500円,500円,このブランドではじめて支払いをする方
LINE Pay,家電,エディオングループ,1%OFF,,,
LINE Pay,家電,ケーズデンキ,1%OFF,,,
LINE Pay,家電,コジマ,1%OFF,,,
LINE Pay,家電,ソフマップ,1%OFF,,,
LINE Pay,家電,ビックカメラ,1%OFF,,,
LINE Pay,家電,ヤマダデンキグループ,1%OFF,,,
LINE Pay,趣味・娯楽,GEO,2%OFF,,,
LINE Pay,趣味・娯楽,honto,2%OFF,,,
PayPay,趣味・娯楽,NEXCO西日本SA・PA,最大5%付与,1000円,1500円,
LINE Pay,趣味・娯楽,Pmang,2%OFF,,,
LINE Pay,趣味・娯楽,PSO2ニュージェネシス,2%OFF,,,
LINE Pay,趣味・娯楽,Renta!,2%OFF,,,
LINE Pay,趣味・娯楽,TIPSTAR,2%OFF,,,
LINE Pay,趣味・娯楽,TOHOシネマズ,2%OFF,,,
LINE Pay,趣味・娯楽,TSUTAYA,2%OFF,,,
LINE Pay,趣味・娯楽,アルペングループ,2%OFF,,,
LINE Pay,趣味・娯楽,オートバックス,2%OFF,,,
PayPay,趣味・娯楽,オートバックス,最大5%付与,5000円,5000円,
LINE Pay,趣味・娯楽,カメラのキタムラ,2%OFF,,,
LINE Pay,趣味・娯楽,カラオケ ビッグエコー,2%OFF,,,
PayPay,趣味・娯楽,カラオケバンバン,最大10%付与,500円,1000円,
PayPay,趣味・娯楽,カラオケ館,最大10%付与,500円,2000円,
LINE Pay,趣味・娯楽,コミックシーモア,2%OFF,,,
PayPay,趣味・娯楽,コンフォートホテル,最大10%付与,2000円,7000円,
LINE Pay,趣味・娯楽,ジャンカラ,2%OFF,,,
LINE Pay,趣味・娯楽,ブックオフ,2%OFF,,,
LINE Pay,趣味・娯楽,ブックライブ,2%OFF,,,
LINE Pay,趣味・娯楽,まんが王国,2%OFF,,,
LINE Pay,趣味・娯楽,ラウンドワン,2%OFF,,,
LINE Pay,趣味・娯楽,古本市場,2%OFF,,,
PayPay,趣味・娯楽,古本市場,最大20%付与,200円,500円,
LINE Pay,趣味・娯楽,釣具のポイント,2%OFF,,,
LINE Pay,生活・住まい,AOKI,2%OFF,,,
PayPay,生活・住まい,DAISO,最大5%付与,1000円,700円,
PayPay,生活・住まい,LOFT,最大5%付与,1000円,3000円,
LINE Pay,生活・住まい,Mac-House,2%OFF,,,
LINE Pay,生活・住まい,Right-onグループ,2%OFF,,,
LINE Pay,生活・住まい,S.RIDE,2%OFF,,,
LINE Pay,生活・住まい,アカチャンホンポ,2%OFF,,,
LINE Pay,生活・住まい,サイクルベースあさひ,2%OFF,,,
LINE Pay,生活・住まい,ジョイフル本田,5%OFF,,2500,
LINE Pay,生活・住まい,トイザらス,2%OFF,,,
LINE Pay,生活・住まい,トレファクグループ,2%OFF,,,
PayPay,生活・住まい,メガネのアイガン,最大10%付与,3000円,5500円,
PayPay,生活・住まい,メガネブランドのZoff,最大10%付与,3000円,4000円,
LINE Pay,生活・住まい,ロフト,2%OFF,,,
PayPay,生活・住まい,東京靴流通センター,最大20%付与,2000円,4000円,
LINE Pay,生活・住まい,洋服の青山,2%OFF,,,
LINE Pay,百貨店・モール,PARCO,2%OFF,,,
LINE Pay,百貨店・モール,そごう,2%OFF,,,
PayPay,百貨店・モール,マリノアシティ福岡,最大10%付与,1000円,500円,
LINE Pay,百貨店・モール,三井アウトレットパーク,2%OFF,,,
LINE Pay,百貨店・モール,三井ショッピングパークららぽーと,2%OFF,,,
LINE Pay,百貨店・モール,小田急百貨店,2%OFF,,,
PayPay,百貨店・モール,晴海トリトン,最大5%付与,3000円,,
LINE Pay,百貨店・モール,西武,2%OFF,,,
LINE Pay,百貨店・モール,東急フードショー,2%OFF,,,
LINE Pay,百貨店・モール,東急百貨店,2%OFF,,,
LINE Pay,百貨店・モール,福岡地所グループ,2%OFF,,,
